{
    "baseline": 1.21409619719999115,
    "pitch": -0.0081701,
    "roll": 10,
    "x": 1,
    "y": 2.026239999999999368,
    "yaw": -0.1,
    "z": 1.212400000000026,

    "fx": 1966.376579,
    "fy": 1966.376579,
    "u0": 640,
    "v0": 360

}
